{
  "_format": "hh-sol-cache-2",
  "files": {
    "/Users/daulathussain/Downloads/Prime-Minister-Voting-Dapp/voting-dapp/contracts/VotingOrganization.sol": {
      "lastModificationDate": 1717644557326,
      "contentHash": "be52f00c56cf29b260e3cf4a81b0a2e9",
      "sourceName": "contracts/VotingOrganization.sol",
      "solcConfig": {
        "version": "0.8.0",
        "settings": {
          "optimizer": {
            "enabled": false,
            "runs": 200
          },
          "outputSelection": {
            "*": {
              "*": [
                "abi",
                "evm.bytecode",
                "evm.deployedBytecode",
                "evm.methodIdentifiers",
                "metadata"
              ],
              "": [
                "ast"
              ]
            }
          }
        }
      },
      "imports": [],
      "versionPragmas": [
        "^0.8.0"
      ],
      "artifacts": [
        "VotingOrganization"
      ]
    }
  }
}
